Model,type,exact_accuracy,mean_cfm
Final,add,0.11931364724660815,0.7586964006899635
Final,remove,0.6408,0.9330616035443745
Final,substitute,0.4388,0.8907543354810985
Final,swap,0.028869286287089013,0.6638179846591955
Initial,add,0.0268,0.4727100734550914
Initial,remove,0.0836,0.5410913160782174
Initial,substitute,0.0452,0.5316891771610014
Initial,swap,0.0088,0.4461443355629579
